code,group_prefix,location
1-1,1,1-1
7-1,7,7-1
8-1,8,8-1
12-1,12,12-1
57-1,57,57-1
51-1,51,51-1
53-1,53,53-1
56-1,56,56-1
60-1,60,60-1
금어-1,금어,금어-1
GH-1,GH,GH-1
GL-1,GL,GL-1
G-1,G,G-1
BH-1,BH,BH-1
Ts-1,Ts,Ts-1
백-1,백,백-1
오-1,오,오-1
러-1,러,러-1
소3-1,소3,소3-1
소1-1,소1,소1-1
종-1,종,종-1
연-1,연,연-1
PP-1,PP,PP-1
복-1,복,복-1
생-1,생,생-1
Bh-1,Bh,Bh-1
BJ-1,BJ,BJ-1
Be-1,Be,Be-1
JJs-1,JJs,JJs-1
JJ-1,JJ,JJ-1
TD-1,TD,TD-1
프-1,프,프-1
변-1,변,변-1
TU-1,TU,TU-1
PS-1,PS,PS-1
Bd-1,Bd,Bd-1
부-1,부,부-1
아-1,아,아-1
보-1,보,보-1
기-1,기,기-1
어-1,어,어-1
어정-1,어정,어정-1
무-1,무,무-1
제-1,제,제-1
Jh-1,Jh,Jh-1
H-1,H,H-1
R-1,R,R-1
8정-1,8정,8정-1
임1-1,임1,임1-1
I-1,I,I-1
1-2,1,1-2
7-2,7,7-2
8-2,8,8-2
12-2,12,12-2
57-2,57,57-2
51-2,51,51-2
53-2,53,53-2
56-2,56,56-2
60-2,60,60-2
금어-2,금어,금어-2
GH-2,GH,GH-2
GL-2,GL,GL-2
G-2,G,G-2
BH-2,BH,BH-2
Ts-2,Ts,Ts-2
백-2,백,백-2
오-2,오,오-2
러-2,러,러-2
소3-2,소3,소3-2
소1-2,소1,소1-2
종-2,종,종-2
연-2,연,연-2
PP-2,PP,PP-2
복-2,복,복-2
생-2,생,생-2
Bh-2,Bh,Bh-2
BJ-2,BJ,BJ-2
Be-2,Be,Be-2
JJs-2,JJs,JJs-2
JJ-2,JJ,JJ-2
TD-2,TD,TD-2
프-2,프,프-2
변-2,변,변-2
TU-2,TU,TU-2
PS-2,PS,PS-2
Bd-2,Bd,Bd-2
부-2,부,부-2
아-2,아,아-2
보-2,보,보-2
기-2,기,기-2
어-2,어,어-2
어정-2,어정,어정-2
무-2,무,무-2
제-2,제,제-2
Jh-2,Jh,Jh-2
H-2,H,H-2
R-2,R,R-2
8정-2,8정,8정-2
임1-2,임1,임1-2
I-2,I,I-2
1-3,1,1-3
7-3,7,7-3
8-3,8,8-3
12-3,12,12-3
57-3,57,57-3
51-3,51,51-3
53-3,53,53-3
56-3,56,56-3
60-3,60,60-3
금어-3,금어,금어-3
GH-3,GH,GH-3
GL-3,GL,GL-3
G-3,G,G-3
BH-3,BH,BH-3
Ts-3,Ts,Ts-3
백-3,백,백-3
오-3,오,오-3
러-3,러,러-3
소3-3,소3,소3-3
소1-3,소1,소1-3
종-3,종,종-3
연-3,연,연-3
PP-3,PP,PP-3
복-3,복,복-3
생-3,생,생-3
Bh-3,Bh,Bh-3
BJ-3,BJ,BJ-3
Be-3,Be,Be-3
JJs-3,JJs,JJs-3
JJ-3,JJ,JJ-3
TD-3,TD,TD-3
프-3,프,프-3
TU-3,TU,TU-3
PS-3,PS,PS-3
Bd-3,Bd,Bd-3
부-3,부,부-3
아-3,아,아-3
보-3,보,보-3
기-3,기,기-3
어-3,어,어-3
어정-3,어정,어정-3
무-3,무,무-3
제-3,제,제-3
Jh-3,Jh,Jh-3
H-3,H,H-3
R-3,R,R-3
8정-3,8정,8정-3
임1-3,임1,임1-3
I-3,I,I-3
1-4,1,1-4
7-4,7,7-4
8-4,8,8-4
12-4,12,12-4
57-4,57,57-4
51-4,51,51-4
53-4,53,53-4
56-4,56,56-4
60-4,60,60-4
금어-4,금어,금어-4
GH-4,GH,GH-4
GL-4,GL,GL-4
G-4,G,G-4
BH-4,BH,BH-4
Ts-4,Ts,Ts-4
백-4,백,백-4
오-4,오,오-4
러-4,러,러-4
소3-4,소3,소3-4
소1-4,소1,소1-4
종-4,종,종-4
연-4,연,연-4
PP-4,PP,PP-4
복-4,복,복-4
생-4,생,생-4
Bh-4,Bh,Bh-4
BJ-4,BJ,BJ-4
Be-4,Be,Be-4
JJs-4,JJs,JJs-4
JJ-4,JJ,JJ-4
TD-4,TD,TD-4
프-4,프,프-4
TU-4,TU,TU-4
PS-4,PS,PS-4
Bd-4,Bd,Bd-4
부-4,부,부-4
아-4,아,아-4
보-4,보,보-4
기-4,기,기-4
어-4,어,어-4
어정-4,어정,어정-4
무-4,무,무-4
제-4,제,제-4
Jh-4,Jh,Jh-4
H-4,H,H-4
R-4,R,R-4
8정-4,8정,8정-4
임1-4,임1,임1-4
I-4,I,I-4
1-5,1,1-5
7-5,7,7-5
8-5,8,8-5
12-5,12,12-5
57-5,57,57-5
51-5,51,51-5
53-5,53,53-5
56-5,56,56-5
60-5,60,60-5
금어-5,금어,금어-5
GH-5,GH,GH-5
GL-5,GL,GL-5
G-5,G,G-5
BH-5,BH,BH-5
Ts-5,Ts,Ts-5
백-5,백,백-5
오-5,오,오-5
러-5,러,러-5
소3-5,소3,소3-5
소1-5,소1,소1-5
종-5,종,종-5
연-5,연,연-5
PP-5,PP,PP-5
복-5,복,복-5
생-5,생,생-5
BJ-5,BJ,BJ-5
JJs-5,JJs,JJs-5
JJ-5,JJ,JJ-5
TD-5,TD,TD-5
프-5,프,프-5
TU-5,TU,TU-5
PS-5,PS,PS-5
Bd-5,Bd,Bd-5
부-5,부,부-5
아-5,아,아-5
보-5,보,보-5
기-5,기,기-5
어-5,어,어-5
어정-5,어정,어정-5
무-5,무,무-5
제-5,제,제-5
Jh-5,Jh,Jh-5
H-5,H,H-5
R-5,R,R-5
8정-5,8정,8정-5
임1-5,임1,임1-5
I-5,I,I-5
1-6,1,1-6
7-6,7,7-6
8-6,8,8-6
12-6,12,12-6
57-6,57,57-6
51-6,51,51-6
53-6,53,53-6
56-6,56,56-6
60-6,60,60-6
금어-6,금어,금어-6
GH-6,GH,GH-6
GL-6,GL,GL-6
G-6,G,G-6
BH-6,BH,BH-6
Ts-6,Ts,Ts-6
백-6,백,백-6
오-6,오,오-6
러-6,러,러-6
소3-6,소3,소3-6
소1-6,소1,소1-6
종-6,종,종-6
연-6,연,연-6
PP-6,PP,PP-6
복-6,복,복-6
생-6,생,생-6
BJ-6,BJ,BJ-6
JJs-6,JJs,JJs-6
JJ-6,JJ,JJ-6
TD-6,TD,TD-6
프-6,프,프-6
TU-6,TU,TU-6
PS-6,PS,PS-6
Bd-6,Bd,Bd-6
아-6,아,아-6
보-6,보,보-6
기-6,기,기-6
어-6,어,어-6
어정-6,어정,어정-6
무-6,무,무-6
제-6,제,제-6
Jh-6,Jh,Jh-6
H-6,H,H-6
R-6,R,R-6
8정-6,8정,8정-6
임1-6,임1,임1-6
I-6,I,I-6
1-7,1,1-7
7-7,7,7-7
8-7,8,8-7
12-7,12,12-7
57-7,57,57-7
51-7,51,51-7
53-7,53,53-7
56-7,56,56-7
60-7,60,60-7
금어-7,금어,금어-7
GH-7,GH,GH-7
GL-7,GL,GL-7
G-7,G,G-7
BH-7,BH,BH-7
Ts-7,Ts,Ts-7
백-7,백,백-7
오-7,오,오-7
러-7,러,러-7
소3-7,소3,소3-7
소1-7,소1,소1-7
종-7,종,종-7
연-7,연,연-7
PP-7,PP,PP-7
복-7,복,복-7
생-7,생,생-7
BJ-7,BJ,BJ-7
JJs-7,JJs,JJs-7
JJ-7,JJ,JJ-7
TD-7,TD,TD-7
프-7,프,프-7
TU-7,TU,TU-7
PS-7,PS,PS-7
Bd-7,Bd,Bd-7
아-7,아,아-7
기-7,기,기-7
어-7,어,어-7
어정-7,어정,어정-7
무-7,무,무-7
제-7,제,제-7
Jh-7,Jh,Jh-7
H-7,H,H-7
8정-7,8정,8정-7
임1-7,임1,임1-7
I-7,I,I-7
1-8,1,1-8
7-8,7,7-8
8-8,8,8-8
12-8,12,12-8
57-8,57,57-8
51-8,51,51-8
53-8,53,53-8
56-8,56,56-8
60-8,60,60-8
금어-8,금어,금어-8
GH-8,GH,GH-8
GL-8,GL,GL-8
G-8,G,G-8
BH-8,BH,BH-8
Ts-8,Ts,Ts-8
백-8,백,백-8
오-8,오,오-8
러-8,러,러-8
소3-8,소3,소3-8
소1-8,소1,소1-8
종-8,종,종-8
PP-8,PP,PP-8
복-8,복,복-8
생-8,생,생-8
BJ-8,BJ,BJ-8
JJs-8,JJs,JJs-8
JJ-8,JJ,JJ-8
TD-8,TD,TD-8
프-8,프,프-8
TU-8,TU,TU-8
PS-8,PS,PS-8
Bd-8,Bd,Bd-8
아-8,아,아-8
기-8,기,기-8
어-8,어,어-8
어정-8,어정,어정-8
무-8,무,무-8
Jh-8,Jh,Jh-8
H-8,H,H-8
8정-8,8정,8정-8
임1-8,임1,임1-8
I-8,I,I-8
1-9,1,1-9
7-9,7,7-9
8-9,8,8-9
12-9,12,12-9
57-9,57,57-9
51-9,51,51-9
53-9,53,53-9
56-9,56,56-9
60-9,60,60-9
금어-9,금어,금어-9
GH-9,GH,GH-9
GL-9,GL,GL-9
G-9,G,G-9
BH-9,BH,BH-9
Ts-9,Ts,Ts-9
백-9,백,백-9
오-9,오,오-9
소3-9,소3,소3-9
소1-9,소1,소1-9
종-9,종,종-9
PP-9,PP,PP-9
복-9,복,복-9
생-9,생,생-9
BJ-9,BJ,BJ-9
JJs-9,JJs,JJs-9
JJ-9,JJ,JJ-9
TD-9,TD,TD-9
프-9,프,프-9
TU-9,TU,TU-9
PS-9,PS,PS-9
Bd-9,Bd,Bd-9
아-9,아,아-9
어-9,어,어-9
어정-9,어정,어정-9
무-9,무,무-9
Jh-9,Jh,Jh-9
H-9,H,H-9
8정-9,8정,8정-9
임1-9,임1,임1-9
1-10,1,1-10
7-10,7,7-10
8-10,8,8-10
12-10,12,12-10
57-10,57,57-10
51-10,51,51-10
53-10,53,53-10
56-10,56,56-10
60-10,60,60-10
금어-10,금어,금어-10
GH-10,GH,GH-10
GL-10,GL,GL-10
G-10,G,G-10
BH-10,BH,BH-10
Ts-10,Ts,Ts-10
백-10,백,백-10
오-10,오,오-10
소3-10,소3,소3-10
소1-10,소1,소1-10
종-10,종,종-10
PP-10,PP,PP-10
복-10,복,복-10
생-10,생,생-10
BJ-10,BJ,BJ-10
JJs-10,JJs,JJs-10
JJ-10,JJ,JJ-10
TD-10,TD,TD-10
프-10,프,프-10
TU-10,TU,TU-10
PS-10,PS,PS-10
Bd-10,Bd,Bd-10
아-10,아,아-10
어-10,어,어-10
어정-10,어정,어정-10
무-10,무,무-10
Jh-10,Jh,Jh-10
H-10,H,H-10
8정-10,8정,8정-10
임1-10,임1,임1-10
1-11,1,1-11
7-11,7,7-11
8-11,8,8-11
12-11,12,12-11
57-11,57,57-11
51-11,51,51-11
53-11,53,53-11
56-11,56,56-11
60-11,60,60-11
금어-11,금어,금어-11
GH-11,GH,GH-11
GL-11,GL,GL-11
G-11,G,G-11
BH-11,BH,BH-11
Ts-11,Ts,Ts-11
백-11,백,백-11
오-11,오,오-11
소3-11,소3,소3-11
소1-11,소1,소1-11
종-11,종,종-11
PP-11,PP,PP-11
복-11,복,복-11
생-11,생,생-11
BJ-11,BJ,BJ-11
JJs-11,JJs,JJs-11
JJ-11,JJ,JJ-11
TD-11,TD,TD-11
TU-11,TU,TU-11
PS-11,PS,PS-11
Bd-11,Bd,Bd-11
아-11,아,아-11
어-11,어,어-11
어정-11,어정,어정-11
무-11,무,무-11
Jh-11,Jh,Jh-11
H-11,H,H-11
8정-11,8정,8정-11
임1-11,임1,임1-11
1-12,1,1-12
7-12,7,7-12
8-12,8,8-12
12-12,12,12-12
57-12,57,57-12
51-12,51,51-12
53-12,53,53-12
56-12,56,56-12
60-12,60,60-12
금어-12,금어,금어-12
GH-12,GH,GH-12
GL-12,GL,GL-12
G-12,G,G-12
BH-12,BH,BH-12
Ts-12,Ts,Ts-12
백-12,백,백-12
오-12,오,오-12
소3-12,소3,소3-12
소1-12,소1,소1-12
종-12,종,종-12
PP-12,PP,PP-12
복-12,복,복-12
생-12,생,생-12
BJ-12,BJ,BJ-12
JJs-12,JJs,JJs-12
JJ-12,JJ,JJ-12
TD-12,TD,TD-12
TU-12,TU,TU-12
PS-12,PS,PS-12
Bd-12,Bd,Bd-12
아-12,아,아-12
어-12,어,어-12
어정-12,어정,어정-12
무-12,무,무-12
Jh-12,Jh,Jh-12
H-12,H,H-12
8정-12,8정,8정-12
임1-12,임1,임1-12
1-13,1,1-13
7-13,7,7-13
8-13,8,8-13
12-13,12,12-13
57-13,57,57-13
51-13,51,51-13
53-13,53,53-13
56-13,56,56-13
60-13,60,60-13
금어-13,금어,금어-13
GH-13,GH,GH-13
GL-13,GL,GL-13
G-13,G,G-13
BH-13,BH,BH-13
Ts-13,Ts,Ts-13
백-13,백,백-13
오-13,오,오-13
소3-13,소3,소3-13
소1-13,소1,소1-13
종-13,종,종-13
PP-13,PP,PP-13
복-13,복,복-13
생-13,생,생-13
BJ-13,BJ,BJ-13
JJs-13,JJs,JJs-13
JJ-13,JJ,JJ-13
TD-13,TD,TD-13
TU-13,TU,TU-13
PS-13,PS,PS-13
Bd-13,Bd,Bd-13
아-13,아,아-13
어-13,어,어-13
어정-13,어정,어정-13
무-13,무,무-13
Jh-13,Jh,Jh-13
H-13,H,H-13
8정-13,8정,8정-13
임1-13,임1,임1-13
1-14,1,1-14
7-14,7,7-14
8-14,8,8-14
12-14,12,12-14
57-14,57,57-14
51-14,51,51-14
53-14,53,53-14
56-14,56,56-14
60-14,60,60-14
금어-14,금어,금어-14
GH-14,GH,GH-14
GL-14,GL,GL-14
G-14,G,G-14
BH-14,BH,BH-14
Ts-14,Ts,Ts-14
백-14,백,백-14
오-14,오,오-14
소3-14,소3,소3-14
소1-14,소1,소1-14
종-14,종,종-14
PP-14,PP,PP-14
복-14,복,복-14
생-14,생,생-14
BJ-14,BJ,BJ-14
JJs-14,JJs,JJs-14
JJ-14,JJ,JJ-14
TD-14,TD,TD-14
TU-14,TU,TU-14
PS-14,PS,PS-14
Bd-14,Bd,Bd-14
아-14,아,아-14
어-14,어,어-14
어정-14,어정,어정-14
무-14,무,무-14
Jh-14,Jh,Jh-14
H-14,H,H-14
8정-14,8정,8정-14
임1-14,임1,임1-14
1-15,1,1-15
7-15,7,7-15
8-15,8,8-15
12-15,12,12-15
57-15,57,57-15
51-15,51,51-15
53-15,53,53-15
56-15,56,56-15
60-15,60,60-15
금어-15,금어,금어-15
GH-15,GH,GH-15
GL-15,GL,GL-15
G-15,G,G-15
BH-15,BH,BH-15
Ts-15,Ts,Ts-15
백-15,백,백-15
오-15,오,오-15
소3-15,소3,소3-15
소1-15,소1,소1-15
종-15,종,종-15
PP-15,PP,PP-15
생-15,생,생-15
BJ-15,BJ,BJ-15
JJs-15,JJs,JJs-15
JJ-15,JJ,JJ-15
TD-15,TD,TD-15
TU-15,TU,TU-15
PS-15,PS,PS-15
Bd-15,Bd,Bd-15
아-15,아,아-15
어-15,어,어-15
어정-15,어정,어정-15
무-15,무,무-15
Jh-15,Jh,Jh-15
H-15,H,H-15
8정-15,8정,8정-15
임1-15,임1,임1-15
1-16,1,1-16
7-16,7,7-16
8-16,8,8-16
12-16,12,12-16
57-16,57,57-16
51-16,51,51-16
53-16,53,53-16
56-16,56,56-16
60-16,60,60-16
금어-16,금어,금어-16
GH-16,GH,GH-16
GL-16,GL,GL-16
G-16,G,G-16
BH-16,BH,BH-16
Ts-16,Ts,Ts-16
백-16,백,백-16
오-16,오,오-16
소3-16,소3,소3-16
소1-16,소1,소1-16
PP-16,PP,PP-16
생-16,생,생-16
BJ-16,BJ,BJ-16
JJs-16,JJs,JJs-16
JJ-16,JJ,JJ-16
TD-16,TD,TD-16
TU-16,TU,TU-16
PS-16,PS,PS-16
아-16,아,아-16
어-16,어,어-16
어정-16,어정,어정-16
무-16,무,무-16
Jh-16,Jh,Jh-16
H-16,H,H-16
8정-16,8정,8정-16
임1-16,임1,임1-16
1-17,1,1-17
7-17,7,7-17
8-17,8,8-17
12-17,12,12-17
57-17,57,57-17
51-17,51,51-17
53-17,53,53-17
56-17,56,56-17
60-17,60,60-17
금어-17,금어,금어-17
GH-17,GH,GH-17
GL-17,GL,GL-17
G-17,G,G-17
BH-17,BH,BH-17
Ts-17,Ts,Ts-17
백-17,백,백-17
오-17,오,오-17
소3-17,소3,소3-17
소1-17,소1,소1-17
생-17,생,생-17
BJ-17,BJ,BJ-17
JJs-17,JJs,JJs-17
JJ-17,JJ,JJ-17
TD-17,TD,TD-17
PS-17,PS,PS-17
아-17,아,아-17
어-17,어,어-17
어정-17,어정,어정-17
무-17,무,무-17
8정-17,8정,8정-17
임1-17,임1,임1-17
1-18,1,1-18
7-18,7,7-18
8-18,8,8-18
12-18,12,12-18
57-18,57,57-18
51-18,51,51-18
53-18,53,53-18
56-18,56,56-18
60-18,60,60-18
금어-18,금어,금어-18
GH-18,GH,GH-18
GL-18,GL,GL-18
BH-18,BH,BH-18
Ts-18,Ts,Ts-18
백-18,백,백-18
오-18,오,오-18
소3-18,소3,소3-18
소1-18,소1,소1-18
생-18,생,생-18
BJ-18,BJ,BJ-18
JJs-18,JJs,JJs-18
JJ-18,JJ,JJ-18
TD-18,TD,TD-18
PS-18,PS,PS-18
아-18,아,아-18
어-18,어,어-18
어정-18,어정,어정-18
무-18,무,무-18
8정-18,8정,8정-18
1-19,1,1-19
7-19,7,7-19
8-19,8,8-19
12-19,12,12-19
57-19,57,57-19
51-19,51,51-19
53-19,53,53-19
56-19,56,56-19
60-19,60,60-19
금어-19,금어,금어-19
GH-19,GH,GH-19
GL-19,GL,GL-19
BH-19,BH,BH-19
Ts-19,Ts,Ts-19
백-19,백,백-19
오-19,오,오-19
소1-19,소1,소1-19
생-19,생,생-19
JJs-19,JJs,JJs-19
JJ-19,JJ,JJ-19
TD-19,TD,TD-19
PS-19,PS,PS-19
아-19,아,아-19
어-19,어,어-19
어정-19,어정,어정-19
무-19,무,무-19
1-20,1,1-20
8-20,8,8-20
12-20,12,12-20
57-20,57,57-20
51-20,51,51-20
53-20,53,53-20
56-20,56,56-20
60-20,60,60-20
GH-20,GH,GH-20
GL-20,GL,GL-20
BH-20,BH,BH-20
Ts-20,Ts,Ts-20
백-20,백,백-20
오-20,오,오-20
소1-20,소1,소1-20
생-20,생,생-20
JJs-20,JJs,JJs-20
JJ-20,JJ,JJ-20
TD-20,TD,TD-20
PS-20,PS,PS-20
아-20,아,아-20
어-20,어,어-20
어정-20,어정,어정-20
무-20,무,무-20
1-21,1,1-21
57-21,57,57-21
51-21,51,51-21
53-21,53,53-21
56-21,56,56-21
60-21,60,60-21
GH-21,GH,GH-21
GL-21,GL,GL-21
BH-21,BH,BH-21
Ts-21,Ts,Ts-21
백-21,백,백-21
오-21,오,오-21
소1-21,소1,소1-21
생-21,생,생-21
JJ-21,JJ,JJ-21
TD-21,TD,TD-21
PS-21,PS,PS-21
아-21,아,아-21
어-21,어,어-21
어정-21,어정,어정-21
무-21,무,무-21
1-22,1,1-22
57-22,57,57-22
51-22,51,51-22
53-22,53,53-22
56-22,56,56-22
60-22,60,60-22
GH-22,GH,GH-22
GL-22,GL,GL-22
BH-22,BH,BH-22
Ts-22,Ts,Ts-22
백-22,백,백-22
오-22,오,오-22
생-22,생,생-22
TD-22,TD,TD-22
PS-22,PS,PS-22
아-22,아,아-22
어-22,어,어-22
어정-22,어정,어정-22
무-22,무,무-22
1-23,1,1-23
57-23,57,57-23
51-23,51,51-23
53-23,53,53-23
56-23,56,56-23
60-23,60,60-23
GH-23,GH,GH-23
GL-23,GL,GL-23
Ts-23,Ts,Ts-23
백-23,백,백-23
오-23,오,오-23
생-23,생,생-23
TD-23,TD,TD-23
PS-23,PS,PS-23
아-23,아,아-23
어-23,어,어-23
어정-23,어정,어정-23
무-23,무,무-23
1-24,1,1-24
57-24,57,57-24
51-24,51,51-24
53-24,53,53-24
56-24,56,56-24
60-24,60,60-24
GH-24,GH,GH-24
GL-24,GL,GL-24
Ts-24,Ts,Ts-24
백-24,백,백-24
오-24,오,오-24
생-24,생,생-24
TD-24,TD,TD-24
PS-24,PS,PS-24
아-24,아,아-24
어-24,어,어-24
어정-24,어정,어정-24
1-25,1,1-25
57-25,57,57-25
51-25,51,51-25
53-25,53,53-25
56-25,56,56-25
60-25,60,60-25
GH-25,GH,GH-25
GL-25,GL,GL-25
Ts-25,Ts,Ts-25
백-25,백,백-25
오-25,오,오-25
생-25,생,생-25
TD-25,TD,TD-25
PS-25,PS,PS-25
아-25,아,아-25
어-25,어,어-25
어정-25,어정,어정-25
1-26,1,1-26
57-26,57,57-26
51-26,51,51-26
53-26,53,53-26
56-26,56,56-26
60-26,60,60-26
GH-26,GH,GH-26
GL-26,GL,GL-26
Ts-26,Ts,Ts-26
백-26,백,백-26
오-26,오,오-26
생-26,생,생-26
TD-26,TD,TD-26
PS-26,PS,PS-26
아-26,아,아-26
어-26,어,어-26
어정-26,어정,어정-26
1-27,1,1-27
57-27,57,57-27
51-27,51,51-27
53-27,53,53-27
56-27,56,56-27
60-27,60,60-27
GH-27,GH,GH-27
GL-27,GL,GL-27
Ts-27,Ts,Ts-27
백-27,백,백-27
오-27,오,오-27
생-27,생,생-27
TD-27,TD,TD-27
PS-27,PS,PS-27
어-27,어,어-27
어정-27,어정,어정-27
1-28,1,1-28
57-28,57,57-28
51-28,51,51-28
53-28,53,53-28
56-28,56,56-28
60-28,60,60-28
GH-28,GH,GH-28
GL-28,GL,GL-28
Ts-28,Ts,Ts-28
백-28,백,백-28
오-28,오,오-28
생-28,생,생-28
TD-28,TD,TD-28
PS-28,PS,PS-28
어-28,어,어-28
어정-28,어정,어정-28
1-29,1,1-29
57-29,57,57-29
51-29,51,51-29
53-29,53,53-29
56-29,56,56-29
60-29,60,60-29
GH-29,GH,GH-29
GL-29,GL,GL-29
Ts-29,Ts,Ts-29
백-29,백,백-29
오-29,오,오-29
생-29,생,생-29
TD-29,TD,TD-29
PS-29,PS,PS-29
어-29,어,어-29
어정-29,어정,어정-29
1-30,1,1-30
57-30,57,57-30
51-30,51,51-30
53-30,53,53-30
56-30,56,56-30
60-30,60,60-30
GH-30,GH,GH-30
GL-30,GL,GL-30
Ts-30,Ts,Ts-30
백-30,백,백-30
오-30,오,오-30
생-30,생,생-30
TD-30,TD,TD-30
PS-30,PS,PS-30
어-30,어,어-30
어정-30,어정,어정-30
1-31,1,1-31
57-31,57,57-31
51-31,51,51-31
53-31,53,53-31
56-31,56,56-31
60-31,60,60-31
GH-31,GH,GH-31
GL-31,GL,GL-31
Ts-31,Ts,Ts-31
백-31,백,백-31
오-31,오,오-31
생-31,생,생-31
어-31,어,어-31
어정-31,어정,어정-31
1-32,1,1-32
57-32,57,57-32
51-32,51,51-32
53-32,53,53-32
60-32,60,60-32
GH-32,GH,GH-32
GL-32,GL,GL-32
Ts-32,Ts,Ts-32
백-32,백,백-32
오-32,오,오-32
생-32,생,생-32
어-32,어,어-32
어정-32,어정,어정-32
1-33,1,1-33
57-33,57,57-33
60-33,60,60-33
GH-33,GH,GH-33
GL-33,GL,GL-33
Ts-33,Ts,Ts-33
백-33,백,백-33
오-33,오,오-33
생-33,생,생-33
어-33,어,어-33
어정-33,어정,어정-33
1-34,1,1-34
57-34,57,57-34
60-34,60,60-34
GL-34,GL,GL-34
Ts-34,Ts,Ts-34
백-34,백,백-34
생-34,생,생-34
어-34,어,어-34
어정-34,어정,어정-34
1-35,1,1-35
57-35,57,57-35
60-35,60,60-35
GL-35,GL,GL-35
Ts-35,Ts,Ts-35
백-35,백,백-35
생-35,생,생-35
어-35,어,어-35
어정-35,어정,어정-35
1-36,1,1-36
57-36,57,57-36
60-36,60,60-36
GL-36,GL,GL-36
Ts-36,Ts,Ts-36
백-36,백,백-36
생-36,생,생-36
어-36,어,어-36
어정-36,어정,어정-36
1-37,1,1-37
57-37,57,57-37
60-37,60,60-37
GL-37,GL,GL-37
Ts-37,Ts,Ts-37
백-37,백,백-37
생-37,생,생-37
어-37,어,어-37
어정-37,어정,어정-37
1-38,1,1-38
57-38,57,57-38
60-38,60,60-38
GL-38,GL,GL-38
Ts-38,Ts,Ts-38
백-38,백,백-38
어-38,어,어-38
어정-38,어정,어정-38
1-39,1,1-39
57-39,57,57-39
60-39,60,60-39
GL-39,GL,GL-39
Ts-39,Ts,Ts-39
백-39,백,백-39
어-39,어,어-39
어정-39,어정,어정-39
1-40,1,1-40
57-40,57,57-40
60-40,60,60-40
GL-40,GL,GL-40
Ts-40,Ts,Ts-40
백-40,백,백-40
어-40,어,어-40
어정-40,어정,어정-40
1-41,1,1-41
57-41,57,57-41
60-41,60,60-41
GL-41,GL,GL-41
Ts-41,Ts,Ts-41
백-41,백,백-41
어-41,어,어-41
어정-41,어정,어정-41
57-42,57,57-42
60-42,60,60-42
GL-42,GL,GL-42
Ts-42,Ts,Ts-42
백-42,백,백-42
어-42,어,어-42
57-43,57,57-43
60-43,60,60-43
GL-43,GL,GL-43
Ts-43,Ts,Ts-43
백-43,백,백-43
어-43,어,어-43
57-44,57,57-44
60-44,60,60-44
GL-44,GL,GL-44
Ts-44,Ts,Ts-44
백-44,백,백-44
어-44,어,어-44
57-45,57,57-45
60-45,60,60-45
GL-45,GL,GL-45
Ts-45,Ts,Ts-45
백-45,백,백-45
어-45,어,어-45
57-46,57,57-46
60-46,60,60-46
GL-46,GL,GL-46
백-46,백,백-46
어-46,어,어-46
57-47,57,57-47
60-47,60,60-47
GL-47,GL,GL-47
백-47,백,백-47
어-47,어,어-47
57-48,57,57-48
60-48,60,60-48
GL-48,GL,GL-48
백-48,백,백-48
어-48,어,어-48
57-49,57,57-49
60-49,60,60-49
GL-49,GL,GL-49
백-49,백,백-49
어-49,어,어-49
57-50,57,57-50
60-50,60,60-50
GL-50,GL,GL-50
백-50,백,백-50
어-50,어,어-50
57-51,57,57-51
60-51,60,60-51
GL-51,GL,GL-51
백-51,백,백-51
어-51,어,어-51
57-52,57,57-52
60-52,60,60-52
GL-52,GL,GL-52
백-52,백,백-52
어-52,어,어-52
57-53,57,57-53
60-53,60,60-53
GL-53,GL,GL-53
백-53,백,백-53
어-53,어,어-53
57-54,57,57-54
60-54,60,60-54
GL-54,GL,GL-54
어-54,어,어-54
60-55,60,60-55
GL-55,GL,GL-55
어-55,어,어-55
60-56,60,60-56
GL-56,GL,GL-56
어-56,어,어-56
GL-57,GL,GL-57
GL-58,GL,GL-58
GL-59,GL,GL-59
GL-60,GL,GL-60
GL-61,GL,GL-61
GL-62,GL,GL-62
GL-63,GL,GL-63
GL-64,GL,GL-64
GL-65,GL,GL-65
GL-66,GL,GL-66
GL-67,GL,GL-67
GL-68,GL,GL-68
GL-69,GL,GL-69
GL-70,GL,GL-70
GL-71,GL,GL-71
